Quotazioni Fantacalcio Stagione 2025 26,,,,,,,,,,,,,FVM_Stagione_Precedente
ID_Giocatore,Ruolo,Nome_Giocatore,Squadra,FVM_Mercato,FVM_Stagione_Precedente,Differenza_FVM_Stagioni,FVM_Qt_Ratio,Quotazione_Attuale_Mercato,Quotazione_Iniziale_Mercato,Differenza_Prezzo_Mercato,FVM_Attuale,Partite_Giocate,Partite_Titolare,Minuti_Giocati,Partite_90_Minuti,Gol_Totali,Assist_Totali,Gol_Plus_Assist,Gol_Senza_Rigori,Rigori_Realizzati,Rigori_Tentati,Cartellini_Gialli,Cartellini_Rossi,Expected_Goals,Expected_Goals_Senza_Rigori,Expected_Assist,Expected_Goals_Plus_Assist,Progressioni_Con_Palla,Progressioni_Passaggi,Progressioni_Ricezioni
2423,C,Pulisic,Milan,218,231,-13.0,7.786,28,28,0,218,34,29,2478,27.5,11,9,20,8,3,4,1,0,12.0,8.9,6.4,15.2,121,105,191
2167,C,Orsolini,Bologna,218,245,-27.0,7.517,29,29,0,218,30,23,1878,20.9,15,4,19,12,3,3,2,0,10.1,7.8,3.7,11.5,61,69,186
4777,C,McTominay,Napoli,208,217,-9.0,8.000,26,26,0,208,34,33,2938,32.6,12,4,16,12,0,0,3,0,7.4,7.4,2.7,10.1,56,112,131
632,C,Zaccagni,Lazio,206,170,36.0,8.240,25,25,0,206,34,33,2686,29.8,8,6,14,6,2,2,10,0,6.4,4.9,4.6,9.5,91,114,264
5800,C,Gudmundsson A.,Fiorentina,156,42,114.0,6.783,23,23,0,156,,,,,,,,,,,,,,,,,,,
2379,C,Rabiot,Milan,145,,,6.304,23,23,0,145,,,,,,,,,,,,,,,,,,,
2194,C,Calhanoglu,Inter,153,116,27.0,6.217,23,24,-1,143,,,,,,,,,,,,,,,,,,,
2517,C,De Bruyne,Napoli,139,,,6.318,22,22,0,139,,,,,,,,,,,,,,,,,,,
6875,C,Paz N.,Como,132,100,32.0,6.286,21,20,1,132,35,30,2687,29.9,6,8,14,6,0,1,6,0,9.3,8.5,6.0,14.5,77,163,171
6884,C,Conceicao,Juventus,81,25,56.0,4.765,17,17,0,81,,,,,,,,,,,,,,,,,,,
5761,C,Zhegrova,Juventus,80,,,4.211,19,19,0,80,,,,,,,,,,,,,,,,,,,
2765,C,Odgaard,Bologna,67,46,21.0,4.786,14,15,-1,67,29,24,1952,21.7,6,1,7,6,0,0,1,0,3.6,3.6,1.8,5.4,35,50,99
536,C,Politano,Napoli,65,70,-5.0,4.333,15,14,1,65,37,34,2804,31.2,3,4,7,3,0,0,3,0,3.1,3.1,4.8,7.9,135,129,278
4220,C,Zambo Anguissa,Napoli,73,92,-29.0,3.706,17,16,1,63,35,32,2852,31.7,6,4,10,6,0,0,5,0,4.4,4.4,2.4,6.8,24,144,119
5562,C,Thuram K.,Juventus,67,53,4.0,3.353,17,17,0,57,35,26,2326,25.8,4,5,9,4,0,0,5,0,3.5,3.5,3.6,7.1,74,123,52
1870,C,Barella,Inter,55,55,0.0,3.929,14,14,0,55,33,29,2493,27.7,3,6,9,3,0,0,4,0,2.2,2.2,4.5,6.7,63,235,133
2670,C,Bailey,Roma,51,,,3.643,14,15,-1,51,,,,,,,,,,,,,,,,,,,
827,C,Locatelli,Juventus,55,34,16.0,3.571,14,13,1,50,36,34,2822,31.4,2,2,4,1,1,1,9,0,1.8,1.0,2.5,3.5,33,294,33
6844,C,Rowe,Bologna,49,,,3.500,14,14,0,49,,,,,,,,,,,,,,,,,,,
5792,C,Ederson D.S.,Atalanta,47,,,2.800,15,16,-1,42,,,,,,,,,,,,,,,,,,,
2606,C,Modric,Milan,42,,,3.231,13,12,1,42,,,,,,,,,,,,,,,,,,,
5589,C,Konè M.,Roma,46,,,2.733,15,15,0,41,,,,,,,,,,,,,,,,,,,
5318,C,Tramoni M.,Pisa,41,,,3.417,12,12,0,41,,,,,,,,,,,,,,,,,,,
4892,C,Saelemaekers,Milan,43,72,-32.0,2.857,14,14,0,40,1,1,90,1.0,0,0,0,0,0,0,0,0,0.0,0.0,0.1,0.1,7,4,13
5687,C,Vlasic,Torino,36,48,-9.0,3.000,13,14,-1,39,,,,,,,,,,,,,,,,,,,
6218,C,Oristanio,Parma,38,26,12.0,3.167,12,12,0,38,37,29,2315,25.7,3,3,6,3,0,0,3,0,4.1,4.1,2.6,6.8,72,64,131
6398,C,Isaksen,Lazio,38,31,7.0,2.923,13,14,-1,38,37,29,2210,24.6,4,2,6,4,0,0,5,0,5.2,5.2,2.1,7.3,95,46,249
2848,C,Frattesi,Inter,37,27,10.0,2.846,13,14,-1,37,28,9,1225,13.6,5,1,6,5,0,0,1,0,4.0,4.0,0.8,4.8,23,31,50
6666,C,Bernabè,Parma,36,,,3.273,11,11,0,36,,,,,,,,,,,,,,,,,,,
7133,C,Vandeputte,Cremonese,36,,,2.769,13,12,1,36,,,,,,,,,,,,,,,,,,,
5685,C,Koopmeiners,Juventus,35,35,0.0,2.500,14,14,0,35,28,23,1994,22.2,3,3,6,3,0,0,3,0,3.8,3.8,2.9,6.7,32,89,127
5561,C,Stengs,Pisa,35,,,3.182,11,11,0,35,,,,,,,,,,,,,,,,,,,
2529,C,Mkhitaryan,Inter,35,26,9.0,3.889,9,9,0,35,32,30,2396,26.6,1,4,5,1,0,0,4,0,1.5,1.5,2.7,4.2,72,199,93
5319,C,Sohm,Fiorentina,34,28,6.0,3.091,11,12,-1,34,37,36,2989,33.2,4,0,4,4,0,0,6,0,3.1,3.1,2.1,5.2,69,140,67
5559,C,Da Cunha,Como,36,36,-3.0,2.538,13,13,0,33,36,30,2613,29.0,3,2,5,3,0,0,4,0,2.0,2.0,3.8,5.8,63,154,85
22,C,De Roon,Atalanta,37,43,-11.0,2.462,13,13,0,32,36,34,3058,34.0,4,4,8,4,0,0,5,0,0.9,0.9,2.3,3.2,37,242,32
6908,C,Atta,Udinese,32,13,19.0,4.000,8,6,2,32,27,12,1251,13.9,0,1,1,0,0,0,5,0,1.3,1.3,1.4,2.8,31,57,77
6722,C,Gronbaek,Genoa,32,,,2.909,11,12,-1,32,,,,,,,,,,,,,,,,,,,
6629,C,Dele-Bashiru,Lazio,31,17,14.0,2.818,11,11,0,31,20,12,947,10.5,3,1,4,3,0,0,0,0,1.1,1.1,0.8,1.9,23,26,57
4686,C,Fofana Y.,Milan,36,21,10.0,2.583,12,12,0,31,35,29,2504,27.8,1,6,7,1,0,0,5,0,1.3,1.3,3.4,4.7,44,176,32
6831,C,Neres,Napoli,33,38,-8.0,2.308,13,13,0,30,28,13,1283,14.3,2,4,6,2,0,0,1,0,2.7,2.7,3.5,6.2,73,32,143
1933,C,Mandragora,Fiorentina,35,43,-13.0,2.000,15,14,1,30,29,22,1931,21.5,4,3,7,3,1,1,7,0,2.7,1.9,4.8,6.6,11,92,34
6106,C,Carboni V.,Genoa,29,,,2.636,11,11,0,29,26,25,2191,24.3,0,1,1,0,0,0,5,0,0.3,0.3,0.3,0.6,9,51,32
5888,C,Casadei,Torino,28,24,4.0,2.333,12,12,0,28,15,13,1017,11.3,1,1,2,1,0,0,1,0,1.2,1.2,0.4,1.5,14,36,12
5998,C,Zerbin,Cremonese,31,20,8.0,5.600,5,3,2,28,18,17,1518,16.9,1,1,2,1,0,0,4,0,1.9,1.9,2.1,3.9,53,54,70
2077,C,Pasalic,Atalanta,28,27,1.0,2.545,11,9,2,28,,,,,,,,,,,,,,,,,,,
2766,C,Zaniolo,Udinese,25,11,16.0,2.700,10,10,0,27,9,4,343,3.8,0,0,0,0,0,0,2,1,0.7,0.6,0.2,0.9,8,5,20
6252,C,Folorunsho,Cagliari,27,14,13.0,3.000,9,9,0,27,14,6,650,7.2,0,0,0,0,0,0,5,0,1.1,1.1,0.6,1.7,13,21,33
7070,C,Sucic P.,Inter,26,,,2.889,9,9,0,26,,,,,,,,,,,,,,,,,,,
7135,C,Stanciu,Genoa,26,,,3.250,8,8,0,26,,,,,,,,,,,,,,,,,,,
5422,C,Zalewski,Atalanta,28,15,10.0,3.571,7,6,1,25,12,4,533,5.9,0,0,0,0,0,0,0,0,0.3,0.3,0.8,1.1,31,17,54
4479,C,Elmas,Napoli,25,71,-46.0,2.273,11,11,0,25,13,12,1021,11.3,4,0,4,4,0,0,0,0,1.4,1.4,0.4,1.8,42,34,58
5850,C,Lovric,Udinese,25,23,2.0,2.778,9,9,0,25,,,,,,,,,,,,,,,,,,,
5119,C,Samardzic,Atalanta,22,10,15.0,2.500,10,11,-1,25,31,7,1169,13.0,2,1,3,2,0,0,3,0,2.0,2.0,2.9,4.9,54,92,99
449,C,Vazquez,Cremonese,24,,,2.182,11,10,1,24,,,,,,,,,,,,,,,,,,,
4896,C,Maldini,Atalanta,24,34,-10.0,3.429,7,8,-1,24,10,2,258,2.9,3,0,3,3,0,0,0,0,1.9,1.9,0.2,2.1,12,7,30
4287,C,Lobotka,Napoli,29,21,3.0,2.400,10,10,0,24,32,31,2636,29.3,0,1,1,0,0,0,3,0,0.3,0.3,1.2,1.5,30,118,32
7146,C,Tourè I.,Pisa,26,,,2.875,8,7,1,23,,,,,,,,,,,,,,,,,,,
779,C,Cristante,Roma,25,32,-9.0,2.300,10,9,1,23,30,23,2045,22.7,4,2,6,4,0,0,8,0,2.1,2.1,1.4,3.5,25,145,41
7203,C,Jashari,Milan,23,,,1.917,12,13,-1,23,,,,,,,,,,,,,,,,,,,
7132,C,Collocolo,Cremonese,28,,,2.300,10,9,1,23,,,,,,,,,,,,,,,,,,,
4947,C,Brescianini,Atalanta,23,23,0.0,3.286,7,8,-1,23,29,9,991,11.0,4,2,6,4,0,0,1,0,3.1,3.1,1.0,4.1,46,36,69
4186,C,Guendouzi,Lazio,23,21,2.0,1.917,12,11,1,23,37,37,3270,36.3,1,3,4,1,0,0,7,0,1.4,1.4,3.2,4.6,89,316,64
788,C,Freuler,Bologna,28,28,-5.0,1.917,12,12,0,23,37,37,3204,35.6,1,2,3,1,0,0,6,0,1.3,1.3,1.5,2.7,39,208,56
6889,C,Anjorin,Torino,23,27,-4.0,2.556,9,10,-1,23,22,14,1114,12.4,2,3,5,2,0,0,3,0,0.9,0.9,1.7,2.5,28,55,35
5858,C,Ferguson,Bologna,23,18,5.0,2.300,10,11,-1,23,16,10,983,10.9,1,1,2,0,1,1,0,0,1.0,0.2,1.1,1.3,20,53,26
4349,C,Nicolussi Caviglia,Fiorentina,28,46,-23.0,2.300,10,10,0,23,35,33,2861,31.8,4,2,6,4,0,0,7,1,2.4,2.4,2.1,4.5,20,140,22
5453,C,Ricci S.,Milan,27,21,1.0,2.000,11,11,0,22,34,34,2825,31.4,1,1,2,1,0,0,8,1,1.3,1.3,0.6,1.8,43,116,30
2839,C,Sottil,Lecce,22,12,10.0,2.444,9,10,-1,22,18,8,833,9.3,1,1,2,1,0,0,1,0,0.9,0.9,0.9,1.7,71,18,100
5298,C,Pobega,Bologna,24,19,3.0,2.750,8,9,-1,22,21,13,1178,13.1,2,2,4,2,0,0,6,2,2.1,2.0,1.4,3.4,12,42,23
6010,C,Fazzini,Fiorentina,22,61,-39.0,2.000,11,11,0,22,20,16,1383,15.4,4,1,5,4,0,0,1,1,3.1,3.1,0.5,3.6,34,49,88
5844,C,Thorstvedt,Sassuolo,22,,,3.143,7,8,-1,22,,,,,,,,,,,,,,,,,,,
184,C,Bernardeschi,Bologna,22,,,3.143,7,8,-1,22,,,,,,,,,,,,,,,,,,,
6271,C,El Aynaoui,Roma,27,,,2.444,9,9,0,22,,,,,,,,,,,,,,,,,,,
4459,C,Rovella,Lazio,24,23,-1.0,2.444,9,9,0,22,33,31,2718,30.2,0,3,3,0,0,0,13,0,1.5,1.5,2.2,3.7,45,159,42
4199,C,Loftus-Cheek,Milan,21,8,13.0,2.333,9,8,1,21,19,10,1037,11.5,0,0,0,0,0,0,3,0,0.7,0.7,1.9,2.6,27,51,32
7126,C,Baturina,Como,18,,,3.000,7,8,-1,21,,,,,,,,,,,,,,,,,,,
4465,C,Fagioli,Fiorentina,21,22,-1.0,2.625,8,8,0,21,15,10,962,10.7,1,2,3,1,0,0,0,0,0.5,0.5,3.0,3.5,15,50,19
6684,C,Ekkelenkamp,Udinese,21,24,-3.0,2.100,10,10,0,21,34,20,1892,21.0,3,2,5,3,0,0,2,0,2.8,2.8,1.3,4.1,34,72,86
5791,C,Frendrup,Genoa,24,20,1.0,2.100,10,10,0,21,35,35,3103,34.5,2,0,2,2,0,0,5,0,1.6,1.6,0.9,2.5,24,106,29
4677,C,Cornet,Genoa,20,13,7.0,2.857,7,7,0,20,7,2,246,2.7,2,1,3,2,0,0,0,0,1.0,1.0,0.6,1.6,8,4,26
530,C,Pellegrini Lo.,Roma,20,15,5.0,2.000,10,11,-1,20,25,20,1626,18.1,2,1,3,1,1,1,4,0,4.7,3.9,2.5,6.4,27,61,82
6549,C,Pierotti,Lecce,18,19,1.0,2.222,9,9,0,20,36,22,1937,21.5,4,2,6,4,0,0,6,1,3.1,3.1,2.4,5.5,43,38,85
795,C,El Shaarawy,Roma,17,16,3.0,2.714,7,7,0,19,31,12,1098,12.2,3,4,7,3,0,0,2,0,2.7,2.7,1.2,3.9,42,49,77
5036,C,Caqueret,Como,19,31,-12.0,1.727,11,12,-1,19,18,15,1087,12.1,2,3,5,2,0,0,4,0,0.8,0.8,1.5,2.4,15,76,46
6151,C,Perrone,Como,21,18,1.0,2.111,9,9,0,19,26,20,1857,20.6,0,3,3,0,0,0,6,0,0.9,0.9,2.2,3.1,16,98,19
6634,C,Tete Morente,Lecce,17,25,-6.0,2.375,8,8,0,19,31,23,2021,22.5,3,2,5,3,0,0,5,0,2.9,2.9,1.6,4.5,48,102,144
4427,C,Malinovskyi,Genoa,19,20,-1.0,2.375,8,8,0,19,9,4,383,4.3,0,2,2,0,0,0,2,0,0.2,0.2,1.5,1.7,3,32,10
4423,C,Hernani,Parma,18,23,-5.0,3.000,6,7,-1,18,25,15,1327,14.7,3,3,6,0,3,3,7,0,2.8,0.5,1.5,2.0,29,78,40
5992,C,Bondo,Cremonese,23,11,7.0,4.500,4,3,1,18,20,19,1618,18.0,0,0,0,0,0,0,5,1,0.4,0.4,0.3,0.7,25,39,21
4364,C,Gaetano,Cagliari,14,16,1.0,2.125,8,7,1,17,28,8,1009,11.2,2,4,6,2,0,0,0,0,4.9,4.9,2.2,7.1,11,41,82
6206,C,Fabbian,Bologna,17,16,1.0,1.700,10,10,0,17,30,9,1023,11.4,3,1,4,3,0,0,2,0,2.3,2.3,1.3,3.7,14,17,43
5823,C,Baldanzi,Roma,16,14,2.0,2.286,7,8,-1,16,31,5,832,9.2,1,1,2,1,0,0,2,0,1.4,1.4,1.0,2.4,39,23,57
6274,C,Diouf,Inter,16,,,2.667,6,7,-1,16,,,,,,,,,,,,,,,,,,,
6984,C,Ondrejka,Parma,15,38,-23.0,1.364,11,12,-1,15,12,3,422,4.7,5,0,5,5,0,0,0,0,1.3,1.3,0.6,1.9,13,11,21
6190,C,Pisilli,Roma,15,12,3.0,2.500,6,7,-1,15,28,11,1227,13.6,2,1,3,2,0,0,7,0,2.7,2.7,0.7,3.4,22,63,44
7254,C,Lorran,Pisa,13,,,2.500,6,6,0,15,,,,,,,,,,,,,,,,,,,
5872,C,Helgason,Lecce,15,22,-7.0,2.143,7,8,-1,15,21,13,1156,12.8,0,4,4,0,0,0,0,0,1.2,1.2,1.1,2.3,20,38,58
5504,C,Coulibaly L.,Lecce,16,20,-6.0,1.556,9,8,1,14,38,30,2667,29.6,1,0,1,1,0,0,3,0,0.8,0.8,0.9,1.7,21,93,49
6486,C,Suslov,Verona,14,18,-4.0,1.750,8,9,-1,14,31,27,2080,23.1,0,1,1,0,0,0,7,1,1.6,1.6,1.9,3.5,39,82,77
6294,C,Ndour,Fiorentina,17,12,2.0,7.000,2,2,0,14,9,4,406,4.5,0,0,0,0,0,0,1,0,0.1,0.1,0.0,0.2,12,17,26
5540,C,Niasse,Verona,17,11,3.0,4.667,3,3,0,14,11,8,755,8.4,0,0,0,0,0,0,4,0,0.4,0.4,0.1,0.5,5,25,15
6680,C,Karlstrom,Udinese,15,21,-7.0,2.000,7,6,1,14,,,,,,,,,,,,,,,,,,,
5688,C,Harroui,Verona,14,20,-6.0,2.000,7,7,0,14,10,5,463,5.1,1,2,3,1,0,0,1,0,2.2,2.2,0.4,2.6,23,21,34
4870,C,Adopo,Cagliari,15,14,0.0,2.000,7,6,1,14,35,27,2409,26.8,1,1,2,1,0,0,5,1,1.1,1.1,2.3,3.4,20,106,61
5784,C,Aebischer,Pisa,14,13,1.0,3.500,4,4,0,14,14,9,724,8.0,0,0,0,0,0,0,2,0,0.4,0.4,0.4,0.8,8,33,17
6917,C,Masini,Genoa,17,18,-4.0,2.333,6,5,1,14,26,16,1538,17.1,1,0,1,1,0,0,3,0,0.4,0.4,0.2,0.6,16,44,27
6219,C,Boloca,Sassuolo,17,,,2.333,6,6,0,14,,,,,,,,,,,,,,,,,,,
5301,C,Luis Henrique,Inter,15,,,2.333,6,7,-1,14,,,,,,,,,,,,,,,,,,,
181,C,Vecino,Lazio,15,11,3.0,2.333,6,6,0,14,20,7,877,9.7,2,3,5,2,0,0,7,0,2.3,2.3,2.4,4.6,4,29,14
4973,C,McKennie,Juventus,19,26,-12.0,1.400,10,11,-1,14,32,27,2310,25.7,2,4,6,2,0,0,3,0,2.9,2.9,3.5,6.4,28,101,153
6815,C,Fadera,Sassuolo,10,13,0.0,2.600,5,5,0,13,28,20,1644,18.3,1,3,4,1,0,0,2,1,1.7,1.7,4.0,5.7,74,36,160
6020,C,Ellertsson,Genoa,13,18,-5.0,2.167,6,5,1,13,36,29,2470,27.4,2,2,4,2,0,0,2,0,1.1,1.1,1.6,2.7,33,36,92
6593,C,Akinsanmiro,Pisa,13,,,4.333,3,3,0,13,,,,,,,,,,,,,,,,,,,
7209,C,Sorensen O.,Parma,13,,,2.167,6,6,0,13,,,,,,,,,,,,,,,,,,,
5735,C,Volpato,Sassuolo,15,,,2.167,6,5,1,13,,,,,,,,,,,,,,,,,,,
152,C,Zielinski,Inter,12,16,-4.0,3.000,4,4,0,12,,,,,,,,,,,,,,,,,,,
5131,C,Gilmour,Napoli,12,17,-5.0,2.000,6,7,-1,12,26,13,1177,13.1,0,1,1,0,0,0,0,0,0.5,0.5,1.8,2.3,11,67,18
5007,C,Ilic,Torino,12,9,3.0,1.714,7,7,0,12,,,,,,,,,,,,,,,,,,,
6458,C,Serdar,Verona,12,12,0.0,2.000,6,5,1,12,22,16,1376,15.3,2,1,3,2,0,0,4,1,1.9,1.9,1.0,2.9,18,56,35
7198,C,Piotrowski,Udinese,12,,,2.000,6,6,0,12,,,,,,,,,,,,,,,,,,,
6633,C,Pierret,Lecce,13,12,0.0,2.000,6,7,-1,12,30,21,1723,19.1,0,0,0,0,0,0,2,0,0.2,0.2,0.4,0.6,13,82,13
4404,C,Thorsby,Genoa,12,10,2.0,2.400,5,5,0,12,30,22,1898,21.1,0,1,1,0,0,0,6,0,2.8,2.8,2.1,4.9,24,58,76
7138,C,Ordonez C.,Parma,15,,,2.000,6,6,0,12,,,,,,,,,,,,,,,,,,,
6717,C,Konè I.,Sassuolo,15,,,2.000,6,7,-1,12,,,,,,,,,,,,,,,,,,,
4970,C,Messias,Genoa,12,12,0.0,1.714,7,8,-1,12,17,8,847,9.4,1,1,2,1,0,1,1,0,2.4,1.4,0.7,2.1,32,32,49
4890,C,Tameze,Torino,14,8,3.0,2.200,5,5,0,11,20,9,649,7.2,0,0,0,0,0,0,3,0,0.4,0.4,0.8,1.2,16,23,21
6015,C,Berisha M.,Lecce,11,9,2.0,3.667,3,3,0,11,17,7,716,8.0,0,1,1,0,0,0,5,0,0.7,0.7,0.6,1.3,13,42,17
5610,C,Vranckx,Sassuolo,13,,,2.200,5,5,0,11,,,,,,,,,,,,,,,,,,,
1976,C,Mazzitelli,Cagliari,12,,,2.200,5,5,0,11,11,3,335,3.7,1,1,2,1,0,0,1,0,0.2,0.2,0.6,0.8,2,27,14
6170,C,Gineitis,Torino,11,16,-5.0,2.750,4,5,-1,11,30,15,1430,15.9,3,1,4,3,0,0,5,0,1.3,1.3,2.0,3.3,15,36,43
6394,C,Ramadani,Lecce,12,10,1.0,1.571,7,7,0,11,29,21,1807,20.1,1,1,2,1,0,0,4,0,0.6,0.6,1.1,1.7,9,60,7
6424,C,Prati,Cagliari,16,12,-1.0,2.750,4,3,1,11,12,8,570,6.3,0,0,0,0,0,0,1,0,0.1,0.1,0.7,0.8,2,23,7
1871,C,Deiola,Cagliari,12,11,0.0,1.833,6,5,1,11,29,16,1432,15.9,2,1,3,2,0,0,6,0,1.7,1.7,0.6,2.4,11,40,36
7149,C,Marin M.,Pisa,14,,,1.833,6,6,0,11,33,13,1406,15.6,3,2,5,1,2,2,4,0,2.4,0.8,3.6,4.5,22,84,29
6024,C,Sulemana I.,Bologna,11,7,3.0,2.500,4,4,0,10,9,3,283,3.1,2,0,2,2,0,0,1,0,0.6,0.6,0.0,0.6,2,12,2
7208,C,Miller L.,Udinese,12,,,2.500,4,4,0,10,,,,,,,,,,,,,,,,,,,
7276,C,Cremaschi,Parma,10,,,2.000,5,5,0,10,,,,,,,,,,,,,,,,,,,
6481,C,Payero,Cremonese,10,15,-5.0,2.500,4,4,0,10,25,16,1381,15.3,1,1,2,1,0,0,5,0,1.2,1.2,1.3,2.5,33,51,44
2117,C,Kastanos,Verona,10,9,1.0,2.500,4,4,0,10,27,8,872,9.7,1,1,2,1,0,0,4,0,1.0,1.0,1.7,2.7,12,34,27
333,C,Cataldi,Lazio,13,15,-5.0,2.000,5,5,0,10,25,23,1728,19.2,3,0,3,3,0,0,1,0,1.1,1.1,0.8,1.9,18,90,16
2528,C,Matic,Sassuolo,12,,,2.000,5,5,0,10,,,,,,,,,,,,,,,,,,,
6980,C,Venturino,Genoa,10,1,9.0,3.333,3,3,0,10,6,1,167,1.9,2,0,2,2,0,0,0,0,0.7,0.7,0.2,0.9,5,7,10
7028,C,Bernede,Verona,10,14,-4.0,2.500,4,4,0,10,14,7,594,6.6,1,0,1,1,0,0,2,0,0.8,0.8,0.5,1.2,7,29,22
6898,C,Keita M.,Parma,12,14,-4.0,1.667,6,7,-1,10,30,24,1826,20.3,0,2,2,0,0,0,6,1,0.1,0.1,1.0,1.2,13,50,5
5719,C,Asllani,Torino,9,24,-15.0,2.250,4,4,0,9,22,10,988,11.0,2,2,4,0,2,2,4,0,2.5,0.9,1.9,2.8,7,55,20
5813,C,Miretti,Juventus,9,25,-16.0,2.250,4,5,-1,9,25,22,1677,18.6,3,3,6,3,0,0,2,0,3.1,3.1,2.0,5.1,33,54,100
7010,C,Al-Musrati,Verona,11,,,1.800,5,5,0,9,,,,,,,,,,,,,,,,,,,
7145,C,Piccinini G.,Pisa,11,,,1.286,7,7,0,9,,,,,,,,,,,,,,,,,,,
5295,C,Musah,Atalanta,9,14,-5.0,1.500,6,6,0,9,29,19,1571,17.5,0,2,2,0,0,0,5,0,1.9,1.9,1.8,3.8,51,84,74
27,C,Grassi,Cremonese,10,12,-3.0,2.250,4,4,0,9,28,27,2203,24.5,1,0,1,1,0,0,8,0,1.0,1.0,0.8,1.9,18,74,24
4284,C,Sergi Roberto,Como,8,10,-2.0,2.000,4,4,0,8,13,8,696,7.7,0,1,1,0,0,0,4,0,0.7,0.7,0.7,1.4,10,36,19
6528,C,Sarmiento J.,Cremonese,8,,,2.000,4,4,0,8,,,,,,,,,,,,,,,,,,,
6246,C,Lipani,Sassuolo,11,,,2.000,4,4,0,8,,,,,,,,,,,,,,,,,,,
6804,C,Richardson,Fiorentina,9,9,-1.0,2.000,4,4,0,8,27,10,1099,12.2,1,1,2,1,0,0,6,0,0.9,0.9,0.6,1.5,19,47,31
6640,C,Felici,Cagliari,8,13,-5.0,2.000,4,5,-1,8,20,9,925,10.3,0,3,3,0,0,0,1,0,0.6,0.6,1.0,1.6,39,19,75
7246,C,Sala A.,Lecce,8,,,2.667,3,3,0,8,2,0,72,0.8,0,0,0,0,0,0,0,0,0.0,0.0,0.4,0.4,5,6,9
6054,C,Moro N.,Bologna,7,12,-5.0,2.333,3,3,0,7,22,15,1208,13.4,0,2,2,0,0,0,1,0,0.5,0.5,0.8,1.3,17,93,21
6222,C,Rafia,Lecce,7,10,-3.0,2.333,3,3,0,7,18,14,1058,11.8,0,0,0,0,0,0,4,0,0.5,0.5,1.4,1.9,13,51,32
4711,C,Kostic,Juventus,8,,,1.167,6,5,1,7,,,,,,,,,,,,,,,,,,,
7157,C,Iannoni,Sassuolo,7,,,7.000,1,1,0,7,,,,,,,,,,,,,,,,,,,
7165,C,Liteta,Cagliari,8,,,6.000,1,1,0,6,,,,,,,,,,,,,,,,,,,
5457,C,Maleh,Lecce,8,10,-4.0,1.000,6,7,-1,6,22,17,1510,16.8,0,1,1,0,0,0,5,1,0.9,0.9,0.9,1.8,10,72,37
6212,C,Zarraga,Udinese,7,9,-3.0,2.000,3,2,1,6,22,9,896,10.0,1,0,1,1,0,0,0,0,0.4,0.4,0.4,0.8,7,28,23
6191,C,Belahyane,Lazio,6,11,-6.0,1.000,5,4,1,5,6,1,198,2.2,0,0,0,0,0,0,0,1,0.0,0.0,0.0,0.0,4,10,1
5788,C,Sabiri,Fiorentina,4,,,2.000,2,2,0,4,,,,,,,,,,,,,,,,,,,
6538,C,Onana J.,Genoa,4,11,-7.0,2.000,2,2,0,4,9,2,304,3.4,0,0,0,0,0,0,1,0,0.0,0.0,0.1,0.1,1,11,4
5290,C,Estevez,Parma,3,8,-5.0,1.500,2,2,0,3,,,,,,,,,,,,,,,,,,,
2334,C,Leris,Pisa,3,,,1.500,2,2,0,3,,,,,,,,,,,,,,,,,,,
2274,C,Valoti,Cremonese,3,,,0.500,6,7,-1,3,5,0,40,0.4,0,0,0,0,0,0,1,0,0.0,0.0,0.0,0.0,0,0,0
7177,C,Santiago,Verona,2,,,1.000,2,2,0,2,36,27,2294,25.5,8,4,12,8,0,1,7,0,7.7,6.9,2.9,9.8,17,39,136
6645,C,Marchwinski,Lecce,2,5,-3.0,2.000,1,1,0,2,,,,,,,,,,,,,,,,,,,
7147,C,Hojholt,Pisa,2,,,2.000,1,1,0,2,,,,,,,,,,,,,,,,,,,
5286,C,Akpa Akpro,Verona,2,6,-4.0,2.000,1,1,0,2,,,,,,,,,,,,,,,,,,,
6410,C,Kaba,Lecce,2,7,-5.0,1.000,2,1,1,2,15,2,452,5.0,0,0,0,0,0,0,1,0,0.3,0.3,0.0,0.4,3,18,8
7150,C,Vural,Pisa,1,,,0.333,3,3,0,1,,,,,,,,,,,,,,,,,,,
5674,C,Basic,Lazio,1,1,0.0,1.000,1,1,0,1,,,,,,,,,,,,,,,,,,,
2076,C,Rog,Cagliari,1,,,1.000,1,1,0,1,,,,,,,,,,,,,,,,,,,
6677,C,Adzic,Juventus,1,3,-2.0,1.000,1,1,0,1,,,,,,,,,,,,,,,,,,,
6005,C,Ilkhan,Torino,1,,,1.000,1,1,0,1,,,,,,,,,,,,,,,,,,,
7223,C,Vergara,Napoli,1,,,1.000,1,1,0,1,,,,,,,,,,,,,,,,,,,